<?xml version="1.0" encoding="UTF-8"?>
<wls:weblogic-web-app xmlns:wls="http://xmlns.oracle.com/weblogic/weblogic-web-app" xmlns:xsi="http://www.w3.org/2001/XMLSchema-instance" xsi:schemaLocation="http://xmlns.oracle.com/weblogic/weblogic-web-app         http://xmlns.oracle.com/weblogic/weblogic-web-app/1.9/weblogic-web-app.xsd">

<wls:jsp-descriptor>
		<wls:keepgenerated>true</wls:keepgenerated>
		<wls:debug>true</wls:debug>
	</wls:jsp-descriptor>
    <wls:context-root>tpvppademo</wls:context-root>
    <wls:container-descriptor>
    	<wls:show-archived-real-path-enabled>true</wls:show-archived-real-path-enabled>
		<wls:prefer-web-inf-classes>false</wls:prefer-web-inf-classes>
     <prefer-application-packages>
	    <wls:package-name>org.slf4j.*</wls:package-name>
		<wls:package-name>org.springframework.*</wls:package-name>
	  </prefer-application-packages>

        <wls:prefer-application-resources>
        </wls:prefer-application-resources>
    </wls:container-descriptor>

</wls:weblogic-web-app>